,Country,GDP(in Million USD)
1,United States,2.6854598999999996e-05
2,China,1.9373586e-05
3,Japan,4.409738e-06
4,Germany,4.308854e-06
5,India,3.736882e-06
6,United Kingdom,3.158938e-06
7,France,2.923489e-06
8,Italy,2.169745e-06
9,Canada,2.089672e-06
10,Brazil,2.081235e-06
